customer_id,first_name,last_name,home_state,phone_number,email
1,Aurora,M,Colorado,555-1000,test1@example.com
2,Sofia,G,Idaho,555-1001,test2@example.com
3,Eliana,C,Georgia,555-1002,test3@example.com
4,Madeline,M,Maryland,555-1003,test4@example.com
5,Avery,J,Florida,555-1004,test5@example.com
6,Logan,T,Iowa,555-1005,test6@example.com
7,Sofia,D,Rhode Island,555-1006,test7@example.com
8,Madison,W,Connecticut,555-1007,test8@example.com
9,Riley,D,Nevada,555-1008,test9@example.com
10,Robert,M,New Hampshire,555-1009,test10@example.com
11,Ryan,R,Wisconsin,555-1010,test11@example.com
12,Madeline,T,New York,555-1011,test12@example.com
13,Thomas,G,Montana,555-1012,test13@example.com
14,Nicholas,P,Iowa,555-1013,test14@example.com
15,Aiden,M,Nebraska,555-1014,test15@example.com
16,Sadie,L,Florida,555-1015,test16@example.com
17,Riley,H,Missouri,555-1016,test17@example.com
18,Riley,P,Tennessee,555-1017,test18@example.com
19,Riley,J,New Hampshire,555-1018,test19@example.com
20,Michael,M,South Dakota,555-1019,test20@example.com
21,Avery,M,Ohio,555-1020,test21@example.com
22,Mila,S,California,555-1021,test22@example.com
23,Amelia,J,Mississippi,555-1022,test23@example.com
24,Joseph,L,Illinois,555-1023,test24@example.com
25,Alexander,W,Florida,555-1024,test25@example.com
26,Avery,W,South Carolina,555-1025,test26@example.com
27,Benjamin,T,Florida,555-1026,test27@example.com
28,Eliana,L,Connecticut,555-1027,test28@example.com
29,Sofia,T,Missouri,555-1028,test29@example.com
30,Alexander,G,Florida,555-1029,test30@example.com
31,Alexander,W,North Dakota,555-1030,test31@example.com
32,Nora,H,Oregon,555-1031,test32@example.com
33,Aaliyah,J,Arkansas,555-1032,test33@example.com
34,Penelope,B,New Jersey,555-1033,test34@example.com
35,Madison,T,Massachusetts,555-1034,test35@example.com
36,Michael,J,Illinois,555-1035,test36@example.com
37,Lucas,M,California,555-1036,test37@example.com
38,Evelyn,R,Kansas,555-1037,test38@example.com
39,Aaliyah,G,Arkansas,555-1038,test39@example.com
40,Abigail,M,New York,555-1039,test40@example.com
41,Stella,S,Maine,555-1040,test41@example.com
42,Alexander,M,North Carolina,555-1041,test42@example.com
43,Isla,W,Florida,555-1042,test43@example.com
44,Andrew,H,Utah,555-1043,test44@example.com
45,Evelyn,L,Vermont,555-1044,test45@example.com
46,Isla,W,California,555-1045,test46@example.com
47,Violet,A,Pennsylvania,555-1046,test47@example.com
48,Thomas,B,New York,555-1047,test48@example.com
49,Noah,H,Maryland,555-1048,test49@example.com
50,Sadie,M,Indiana,555-1049,test50@example.com
51,Benjamin,B,Washington,555-1050,test51@example.com
52,Harper,B,New Mexico,555-1051,test52@example.com
53,Isabella,L,Massachusetts,555-1052,test53@example.com
54,Abigail,J,Iowa,555-1053,test54@example.com
55,Thomas,B,California,555-1054,test55@example.com
56,Daniel,Y,Delaware,555-1055,test56@example.com
57,Sloane,S,Michigan,555-1056,test57@example.com
58,Jordan,T,South Carolina,555-1057,test58@example.com
59,David,H,Florida,555-1058,test59@example.com
60,Logan,L,Hawaii,555-1059,test60@example.com
61,Ava,C,Florida,555-1060,test61@example.com
62,Nora,M,Ohio,555-1061,test62@example.com
63,Jordan,M,Arizona,555-1062,test63@example.com
64,Jacob,M,North Carolina,555-1063,test64@example.com
65,Evelyn,W,Hawaii,555-1064,test65@example.com
66,Evelyn,R,Ohio,555-1065,test66@example.com
67,Sofia,J,New Mexico,555-1066,test67@example.com
68,William,M,Minnesota,555-1067,test68@example.com
69,Sadie,G,Florida,555-1068,test69@example.com
70,Emma,M,Virginia,555-1069,test70@example.com
71,Alex,R,Georgia,555-1070,test71@example.com
72,Jacob,L,Oklahoma,555-1071,test72@example.com
73,William,M,Florida,555-1072,test73@example.com
74,Sofia,L,North Carolina,555-1073,test74@example.com
75,Olivia,L,Wisconsin,555-1074,test75@example.com
76,Joshua,M,Mississippi,555-1075,test76@example.com
77,Lucas,A,Iowa,555-1076,test77@example.com
78,Penelope,M,Mississippi,555-1077,test78@example.com
79,Aaliyah,B,Colorado,555-1078,test79@example.com
80,Stella,M,Indiana,555-1079,test80@example.com
81,Madeline,L,Missouri,555-1080,test81@example.com
82,Benjamin,T,Washington,555-1081,test82@example.com
83,Sadie,T,Ohio,555-1082,test83@example.com
84,Benjamin,H,Florida,555-1083,test84@example.com
85,Joseph,B,Ohio,555-1084,test85@example.com
86,Alex,W,Hawaii,555-1085,test86@example.com
87,Michael,C,South Carolina,555-1086,test87@example.com
88,Scarlett,J,Kentucky,555-1087,test88@example.com
89,Eleanor,M,California,555-1088,test89@example.com
90,Olivia,T,Minnesota,555-1089,test90@example.com
91,William,T,Maryland,555-1090,test91@example.com
92,Mila,M,Minnesota,555-1091,test92@example.com
93,Sofia,A,Florida,555-1092,test93@example.com
94,Christopher,D,Pennsylvania,555-1093,test94@example.com
95,Thomas,T,Arizona,555-1094,test95@example.com
96,Luna,J,Georgia,555-1095,test96@example.com
97,Riley,A,Alabama,555-1096,test97@example.com
98,Eleanor,J,Florida,555-1097,test98@example.com
99,Taylor,W,California,555-1098,test99@example.com
100,David,B,Florida,555-1099,test100@example.com
101,Jack,H,Virginia,555-1100,test101@example.com
102,Harper,A,Massachusetts,555-1101,test102@example.com
103,Avery,T,Mississippi,555-1102,test103@example.com
104,Isla,B,Florida,555-1103,test104@example.com
105,Violet,W,Alaska,555-1104,test105@example.com
106,Alex,W,Washington,555-1105,test106@example.com
107,Benjamin,G,Mississippi,555-1106,test107@example.com
108,Stella,M,Minnesota,555-1107,test108@example.com
109,Thomas,L,Ohio,555-1108,test109@example.com
110,Madeline,S,North Dakota,555-1109,test110@example.com
111,Logan,W,Maryland,555-1110,test111@example.com
112,Jordan,M,South Dakota,555-1111,test112@example.com
113,Eleanor,B,Florida,555-1112,test113@example.com
114,Riley,M,Arizona,555-1113,test114@example.com
115,Penelope,M,Florida,555-1114,test115@example.com
116,Ava,M,Illinois,555-1115,test116@example.com
117,Alex,C,Oregon,555-1116,test117@example.com
118,Olivia,L,Vermont,555-1117,test118@example.com
119,Eleanor,G,Ohio,555-1118,test119@example.com
120,Jordan,G,Georgia,555-1119,test120@example.com
121,Alexander,Y,California,555-1120,test121@example.com
122,Ethan,C,South Carolina,555-1121,test122@example.com
123,Andrew,S,Illinois,555-1122,test123@example.com
124,Christopher,W,Connecticut,555-1123,test124@example.com
125,Logan,W,North Carolina,555-1124,test125@example.com
126,Christopher,M,New York,555-1125,test126@example.com
127,Noah,H,Ohio,555-1126,test127@example.com
128,Lucas,J,New Mexico,555-1127,test128@example.com
129,Luna,A,Florida,555-1128,test129@example.com
130,Aaliyah,A,Oregon,555-1129,test130@example.com
131,Logan,H,Delaware,555-1130,test131@example.com
132,Riley,B,Oregon,555-1131,test132@example.com
133,Jordan,K,Arkansas,555-1132,test133@example.com
134,Layla,W,Nevada,555-1133,test134@example.com
135,Avery,M,Louisiana,555-1134,test135@example.com
136,Olivia,W,South Carolina,555-1135,test136@example.com
137,Andrew,J,Washington,555-1136,test137@example.com
138,William,C,Georgia,555-1137,test138@example.com
139,Nicholas,M,Iowa,555-1138,test139@example.com
140,Sadie,C,Kansas,555-1139,test140@example.com
141,Christopher,J,Maryland,555-1140,test141@example.com
142,Jack,A,Michigan,555-1141,test142@example.com
143,Evelyn,M,Wisconsin,555-1142,test143@example.com
144,William,M,Minnesota,555-1143,test144@example.com
145,Riley,W,Pennsylvania,555-1144,test145@example.com
146,James,M,Oklahoma,555-1145,test146@example.com
147,Avery,B,California,555-1146,test147@example.com
148,Riley,R,Illinois,555-1147,test148@example.com
149,Michael,L,Minnesota,555-1148,test149@example.com
150,Aurora,S,Michigan,555-1149,test150@example.com
151,Aiden,B,New Jersey,555-1150,test151@example.com
152,Harper,M,California,555-1151,test152@example.com
153,Amelia,W,South Dakota,555-1152,test153@example.com
154,Joshua,R,New Mexico,555-1153,test154@example.com
155,Aaliyah,B,Arkansas,555-1154,test155@example.com
156,Madeline,J,California,555-1155,test156@example.com
157,Scarlett,C,Tennessee,555-1156,test157@example.com
158,Christopher,G,New Mexico,555-1157,test158@example.com
159,Alex,B,Florida,555-1158,test159@example.com
160,Alexander,A,North Dakota,555-1159,test160@example.com
161,Madeline,M,Texas,555-1160,test161@example.com
162,David,J,Illinois,555-1161,test162@example.com
163,Sloane,L,Delaware,555-1162,test163@example.com
164,Aurora,T,Oregon,555-1163,test164@example.com
165,Liam,R,Maryland,555-1164,test165@example.com
166,Maya,O,North Carolina,555-1165,test166@example.com
167,Leo,C,Alabama,555-1166,test167@example.com
168,Luna,N,New York,555-1167,test168@example.com
169,Owen,P,Wisconsin,555-1168,test169@example.com
170,Violet,B,Maryland,555-1169,test170@example.com
171,Henry,E,Texas,555-1170,test171@example.com
172,Amelia,K,Oklahoma,555-1171,test172@example.com
173,Ethan,R,Wisconsin,555-1172,test173@example.com
174,Evelyn,L,Florida,555-1173,test174@example.com
175,Oscar,G,Kansas,555-1174,test175@example.com
176,Stella,W,Alabama,555-1175,test176@example.com
177,Julian,L,South Carolina,555-1176,test177@example.com
178,Isla,C,South Dakota,555-1177,test178@example.com
179,Lucas,D,Texas,555-1178,test179@example.com
180,Charlotte,H,Ohio,555-1179,test180@example.com
181,Oliver,H,Louisiana,555-1180,test181@example.com
182,Harper,J,Massachusetts,555-1181,test182@example.com
183,Benjamin,W,Ohio,555-1182,test183@example.com
184,Ava,M,Florida,555-1183,test184@example.com
185,Jacob,J,Wisconsin,555-1184,test185@example.com
186,Scarlett,M,Pennsylvania,555-1185,test186@example.com
187,Elias,M,Connecticut,555-1186,test187@example.com
188,Eleanor,T,California,555-1187,test188@example.com
189,Finn,G,California,555-1188,test189@example.com
190,Penelope,W,Virginia,555-1189,test190@example.com
191,Noah,R,California,555-1190,test191@example.com
192,Riley,A,South Carolina,555-1191,test192@example.com
193,Maya,B,Wisconsin,555-1192,test193@example.com
194,Leo,J,California,555-1193,test194@example.com
195,Ezra,M,New York,555-1194,test195@example.com
196,Mila,H,North Carolina,555-1195,test196@example.com
197,Arthur,R,North Carolina,555-1196,test197@example.com
198,Sadie,G,Illinois,555-1197,test198@example.com
199,Aiden,W,Georgia,555-1198,test199@example.com
200,Olivia,P,Washington,555-1199,test200@example.com
201,Jack,M,South Carolina,555-1200,test201@example.com
202,Sophia,J,California,555-1201,test202@example.com
203,Elijah,T,Connecticut,555-1202,test203@example.com
204,Luna,S,California,555-1203,test204@example.com
205,Sebastian,W,Florida,555-1204,test205@example.com
206,Evelyn,J,Illinois,555-1205,test206@example.com
207,Liam,W,Maryland,555-1206,test207@example.com
208,Ava,T,Nevada,555-1207,test208@example.com
209,Owen,J,Texas,555-1208,test209@example.com
210,Aurora,L,Connecticut,555-1209,test210@example.com
211,Finn,A,Ohio,555-1210,test211@example.com
212,James,M,Virginia,555-1211,test212@example.com
213,Stella,R,Virginia,555-1212,test213@example.com
214,Amelia,L,North Carolina,555-1213,test214@example.com
215,Julian,E,Washington,555-1214,test215@example.com
216,Lucas,T,Texas,555-1215,test216@example.com
217,Maya,H,New Mexico,555-1216,test217@example.com
218,Liam,D,New York,555-1217,test218@example.com
219,Henry,M,California,555-1218,test219@example.com
220,Isla,B,Iowa,555-1219,test220@example.com
221,Elijah,M,California,555-1220,test221@example.com
222,Aria,M,New Mexico,555-1221,test222@example.com
223,Kai,L,Illinois,555-1222,test223@example.com
224,Nora,N,Texas,555-1223,test224@example.com
225,Daniel,P,Washington,555-1224,test225@example.com
226,Penelope,W,California,555-1225,test226@example.com
227,Gabriel,K,Texas,555-1226,test227@example.com
228,Eleanor,G,Minnesota,555-1227,test228@example.com
229,Logan,M,New Mexico,555-1228,test229@example.com
230,Sadie,W,Texas,555-1229,test230@example.com
231,Matthew,J,Indiana,555-1230,test231@example.com
232,Aurora,J,Texas,555-1231,test232@example.com
233,Alice,M,North Dakota,555-1232,test233@example.com
234,Finn,H,Florida,555-1233,test234@example.com
235,Amelia,R,North Carolina,555-1234,test235@example.com
236,Noah,W,Connecticut,555-1235,test236@example.com
237,Isla,L,Florida,555-1236,test237@example.com
238,Elijah,M,California,555-1237,test238@example.com
239,Violet,J,Wisconsin,555-1238,test239@example.com
240,Leo,A,Pennsylvania,555-1239,test240@example.com
241,Evelyn,T,Mississippi,555-1240,test241@example.com
242,Arthur,C,California,555-1241,test242@example.com
243,Penelope,A,Ohio,555-1242,test243@example.com
244,Julian,R,Maryland,555-1243,test244@example.com
245,Lucas,W,Ohio,555-1244,test245@example.com
246,Charlotte,D,California,555-1245,test246@example.com
247,Ethan,S,Florida,555-1246,test247@example.com
248,Maya,M,Ohio,555-1247,test248@example.com
249,Oscar,T,California,555-1248,test249@example.com
250,Alice,W,Mississippi,555-1249,test250@example.com
251,Finn,J,Florida,555-1250,test251@example.com
252,Scarlett,H,Florida,555-1251,test252@example.com
253,Ezra,G,Texas,555-1252,test253@example.com
254,Layla,M,Indiana,555-1253,test254@example.com
255,Oliver,L,California,555-1254,test255@example.com
256,Ava,J,Washington,555-1255,test256@example.com
257,Elias,W,California,555-1256,test257@example.com
258,Eleanor,M,Arizona,555-1257,test258@example.com
259,Benjamin,A,Delaware,555-1258,test259@example.com
260,Nora,T,Massachusetts,555-1259,test260@example.com
261,Maya,B,New York,555-1260,test261@example.com
262,Arthur,J,South Carolina,555-1261,test262@example.com
263,Luna,M,Texas,555-1262,test263@example.com
264,Elijah,H,Connecticut,555-1263,test264@example.com
265,Sebastian,R,Arizona,555-1264,test265@example.com
266,Olivia,L,California,555-1265,test266@example.com
267,Henry,M,North Dakota,555-1266,test267@example.com
268,Isla,G,South Carolina,555-1267,test268@example.com
269,Owen,W,California,555-1268,test269@example.com
270,Amelia,S,New Mexico,555-1269,test270@example.com
271,Stella,W,North Carolina,555-1270,test271@example.com
272,Julian,T,Iowa,555-1271,test272@example.com
273,Daniel,J,Wisconsin,555-1272,test273@example.com
274,Gabriel,A,Texas,555-1273,test274@example.com
275,Evelyn,W,Missouri,555-1274,test275@example.com
276,Jasper,M,Texas,555-1275,test276@example.com
277,Nora,T,California,555-1276,test277@example.com
278,Oscar,O,Texas,555-1277,test278@example.com
279,Scarlett,R,California,555-1278,test279@example.com
280,Elijah,H,California,555-1279,test280@example.com
281,Isla,C,Washington,555-1280,test281@example.com
282,Oliver,W,New Jersey,555-1281,test282@example.com
283,Penelope,G,North Carolina,555-1282,test283@example.com
284,Sebastian,W,Texas,555-1283,test284@example.com
285,Ethan,K,Minnesota,555-1284,test285@example.com
286,Charlotte,T,Texas,555-1285,test286@example.com
287,Leo,R,South Carolina,555-1286,test287@example.com
288,Maya,J,California,555-1287,test288@example.com
289,Liam,A,Georgia,555-1288,test289@example.com
290,Ava,M,Wisconsin,555-1289,test290@example.com
291,Julian,P,Minnesota,555-1290,test291@example.com
292,Finn,M,Ohio,555-1291,test292@example.com
293,Layla,H,Texas,555-1292,test293@example.com
294,Owen,L,Texas,555-1293,test294@example.com
295,Aurora,B,Maryland,555-1294,test295@example.com
296,Amelia,J,Minnesota,555-1295,test296@example.com
297,Arthur,G,Texas,555-1296,test297@example.com
298,Sadie,T,New Jersey,555-1297,test298@example.com
299,Noah,W,Ohio,555-1298,test299@example.com
300,Alice,L,Texas,555-1299,test300@example.com
301,Gabriel,A,California,555-1300,test301@example.com
302,Penelope,A,Maryland,555-1301,test302@example.com
303,Lucas,S,California,555-1302,test303@example.com
304,Ethan,W,California,555-1303,test304@example.com
305,Bob,M,New Jersey,555-1304,test305@example.com
306,Sebastian,R,Wisconsin,555-1305,test306@example.com
307,Owen,G,Missouri,555-1306,test307@example.com
308,Nora,H,New York,555-1307,test308@example.com
309,Daniel,B,California,555-1308,test309@example.com
310,Luna,L,Texas,555-1309,test310@example.com
311,Amelia,J,Ohio,555-1310,test311@example.com
312,Ezra,M,New York,555-1311,test312@example.com
313,Elijah,A,New Mexico,555-1312,test313@example.com
314,Penelope,P,Texas,555-1313,test314@example.com
315,Lucas,S,California,555-1314,test315@example.com
316,Olivia,H,Wisconsin,555-1315,test316@example.com
317,Matthew,G,Texas,555-1316,test317@example.com
318,Violet,L,Washington,555-1317,test318@example.com
319,Charlotte,W,Maryland,555-1318,test319@example.com
320,Luna,B,California,555-1319,test320@example.com
321,Isla,J,Maryland,555-1320,test321@example.com
322,Oliver,A,Texas,555-1321,test322@example.com
323,Alice,H,Minnesota,555-1322,test323@example.com
324,Ezra,M,Texas,555-1323,test324@example.com
325,Elias,T,California,555-1324,test325@example.com
326,Liam,G,South Carolina,555-1325,test326@example.com
327,Julian,W,Texas,555-1326,test327@example.com
328,Arthur,A,California,555-1327,test328@example.com
329,Ava,H,New York,555-1328,test329@example.com
330,Daniel,L,Connecticut,555-1329,test330@example.com
331,Scarlett,M,California,555-1330,test331@example.com
332,Layla,G,Minnesota,555-1331,test332@example.com
333,Amelia,T,North Carolina,555-1332,test333@example.com
334,Finn,B,Texas,555-1333,test334@example.com
335,Luna,H,Texas,555-1334,test335@example.com
336,Ava,M,Ohio,555-1335,test336@example.com
337,Aurora,L,Texas,555-1336,test337@example.com
338,Oliver,A,Ohio,555-1337,test338@example.com
339,Penelope,J,Florida,555-1338,test339@example.com
340,Lucas,M,North Carolina,555-1339,test340@example.com
341,Maya,H,California,555-1340,test341@example.com
342,Arthur,S,Maryland,555-1341,test342@example.com
343,Daniel,T,Texas,555-1342,test343@example.com
344,Ezra,B,North Carolina,555-1343,test344@example.com
345,Isla,G,Wisconsin,555-1344,test345@example.com
346,Sebastian,A,California,555-1345,test346@example.com
347,Liam,H,New York,555-1346,test347@example.com
348,Charlotte,M,Wisconsin,555-1347,test348@example.com
349,Amelia,T,Arizona,555-1348,test349@example.com
350,Elias,B,California,555-1349,test350@example.com
351,Oliver,G,Ohio,555-1350,test351@example.com
352,Luna,A,California,555-1351,test352@example.com
353,Penelope,M,North Carolina,555-1352,test353@example.com
354,Ethan,T,Texas,555-1353,test354@example.com
355,Owen,B,North Carolina,555-1354,test355@example.com
356,Alice,G,California,555-1355,test356@example.com
357,Elijah,A,New Mexico,555-1356,test357@example.com
358,Lucas,M,California,555-1357,test358@example.com
359,John,T,New Mexico,555-1358,test359@example.com
360,Liz,S,Missouri,555-1359,test360@example.com
361,Rachel,N,Florida,555-1360,test361@example.com
362,Gabby,R,Texas,555-1361,test362@example.com
363,Barbara,H,Connecticut,555-1362,test363@example.com
364,Benny,A,Texas,555-1363,test364@example.com